INSERT INTO users (name, email, login, password) VALUES
    ('Lina Nadin',          'lnadin0@sitemeter.com',        'lnadin0',          '327726525792'),
    ('Ingamar Shillabeer',  'ishillabeer1@answers.com',     'ishillabeer1',     '29271573729691'),
    ('Kassia Garment',      'kgarment2@ucoz.ru',            'kgarment2',        '39474188434547'),
    ('Inger Stoute',        'istoute3@apache.org',          'istoute3',         '9502760'),
    ('Faustina Kingsnode',  'fkingsnode4@yandex.ru',        'fkingsnode4',      '00240715268'),
    ('Addia Emmott',        'aemmott5@twitpic.com',         'aemmott5',         '8716480695'),
    ('Giles McCrostie',     'gmccrostie6@ning.com',         'gmccrostie6',      '620596915254367'),
    ('Kare Cassedy',        'kcassedy7@hud.gov',            'kcassedy7',        '1370053240'),
    ('Nerti Gilfether',     'ngilfether8@skyrock.com',      'ngilfether8',      '56922528'),
    ('Shawna Grebbin',      'sgrebbin9@twitter.com',        'sgrebbin9',        '388665'),
    ('Ev Goodsall',         'egoodsalla@trellian.com',      'egoodsalla',       '5271085'),
    ('Dud Melbury',         'dmelburyb@toplist.cz',         'dmelburyb',        '630100422032'),
    ('Viole Bayley',        'vbayleyc@irs.gov',             'vbayleyc',         '5289166'),
    ('Jeanelle Tailby',     'jtailbyd@pen.io',              'jtailbyd',         '683841'),
    ('Barnie Philp',        'bphilpe@sourceforge.net',      'bphilpe',          '41698405'),
    ('Izaak Rosenstengel',  'irosenstengelf@hexun.com',     'irosenstengelf',   '8737382297346'),
    ('Sandy Eddoes',        'seddoesg@paginegialle.it',     'seddoesg',         '494515932'),
    ('Berti McAviy',        'bmcaviyh@virginia.edu',        'bmcaviyh',         '868978978599571'),
    ('Eustace Sappy',       'esappyi@sourceforge.net',      'esappyi',          '13073896401001'),
    ('Fred Maker',          'fmakerj@symantec.com',         'fmakerj',          '83264636804809'),
    ('Carin Tampen',        'ctampenk@cisco.com',           'ctampenk',         '7562283378921'),
    ('Ashil Beumant',       'abeumantl@tamu.edu',           'abeumantl',        '0457775931597'),
    ('Hayden Basire',       'hbasirem@twitter.com',         'hbasirem',         '043494672105726'),
    ('Christabel Hawney',   'chawneyn@businesswire.com',    'chawneyn',         '119655774507'),
    ('Laurene Meigh',       'lmeigho@auda.org.au',          'lmeigho',          '031437076381159'),
    ('Orv Gallant',         'ogallantp@tripod.com',         'ogallantp',        '730382986072340'),
    ('Hyacintha Derdes',    'hderdesq@opensource.org',      'hderdesq',         '4732637'),
    ('Adrienne Golland',    'agollandr@omniture.com',       'agollandr',        '5389366171'),
    ('Franzen Scatcher',    'fscatchers@parallels.com',     'fscatchers',       '81795945351'),
    ('Lay Greenset',        'lgreensett@tumblr.com',        'lgreensett',       '31469672'),
    ('Hakeem Tawn',         'htawnu@youtube.com',           'htawnu',           '3310359262'),
    ('Carrie Chamberlin',   'cchamberlinv@free.fr',         'cchamberlinv',     '14131135436343'),
    ('Suzanna Scholler',    'sschollerw@issuu.com',         'sschollerw',       '19681584340'),
    ('Kahlil Rove',         'krovex@toplist.cz',            'krovex',           '876289376'),
    ('Alvis Haydn',         'ahaydny@nyu.edu',              'ahaydny',          '035680687928617'),
    ('Palm Cummine',        'pcumminez@quantcast.com',      'pcumminez',        '15467418442'),
    ('Erasmus Ovesen',      'eovesen10@webs.com',           'eovesen10',        '66266785894431'),
    ('Morey Layhe',         'mlayhe11@deviantart.com',      'mlayhe11',         '23550845'),
    ('Darcy Renwick',       'drenwick12@home.pl',           'drenwick12',       '051964'),
    ('Keelia Fathers',      'kfathers13@admin.ch',          'kfathers13',       '929455'),
    ('Frederigo Gilhoolie', 'fgilhoolie14@reverbnation.com','fgilhoolie14',     '0411134'),
    ('Chet Foulsham',       'cfoulsham15@sciencedaily.com', 'cfoulsham15',      '5283102409928'),
    ('Piotr Kording',       'pkording16@chron.com',         'pkording16',       '09675190'),
    ('Gage Minger',         'gminger17@mtv.com',            'gminger17',        '543965462'),
    ('Jude McAvinchey',     'jmcavinchey18@nature.com',     'jmcavinchey18',    '205119642025'),
    ('Maxi Jellybrand',     'mjellybrand19@youtube.com',    'mjellybrand19',    '194372'),
    ('Bram Heppner',        'bheppner1a@ted.com',           'bheppner1a',       '0005411086'),
    ('Babita Jarret',       'bjarret1b@netlog.com',         'bjarret1b',        '745658406'),
    ('Kerrill Iozefovich',  'kiozefovich1c@newyorker.com',  'kiozefovich1c',    '010372358080059'),
    ('Marne Peasegod',      'mpeasegod1d@storify.com',      'mpeasegod1d',      '7549853165');

INSERT INTO Admins (admin_id, user_id) VALUES 
    (1, 1),
    (2, 10),
    (3, 20),
    (4, 30),
    (5, 40);

INSERT INTO teachers (teacher_id, user_id, science_degree) VALUES 
    (1, 2,   'PhD'),
    (2, 3,   'MD'),
    (3, 4,   'PhD'),
    (4, 5,   'PhD'),
    (5, 6,   'MD'),
    (6, 7,   'PhD'),
    (7, 8,   'PhD'),
    (8, 9,   'MD'),
    (9, 21,  'PhD'),
    (10, 22, 'PhD');

INSERT INTO classes (group_id, name, class_teacher, start_year) VALUES 
    (1, 'К22-1', 3, 2022),
    (2, 'К22-2', 9, 2022),
    (3, 'К23-1', 2, 2023),
    (4, 'К23-2', 1, 2023),
    (5, 'К24-1', 7, 2024),
    (6, 'К24-2', 6, 2024);

INSERT INTO students (student_id, user_id, group_id) VALUES 
    (1, 11, 1),
    (2, 12, 2),
    (3, 13, 3),
    (4, 14, 4),
    (5, 15, 5),
    (6, 16, 6),
    (7, 17, 1),
    (8, 18, 2),
    (9, 19, 3),
    (10, 23, 4),
    (11, 24, 5),
    (12, 25, 6),
    (13, 26, 1),
    (14, 27, 2),
    (15, 28, 3),
    (16, 29, 4),
    (17, 31, 5),
    (18, 32, 6),
    (19, 33, 1),
    (20, 34, 2),
    (21, 35, 3),
    (22, 36, 4),
    (23, 37, 5),
    (24, 38, 6),
    (25, 39, 1);

insert into Parents (parent_id, user_id, student_id) values 
    (1,  41, 11),
    (2,  42, 12),
    (3,  43, 13),
    (4,  44, 14),
    (5,  45, 15),
    (6,  46, 16),
    (7,  47, 17),
    (8,  48, 18),
    (9,  49, 23),
    (10, 50, 24);

insert into lessons (lesson_id, name, room_number, teacher_id, description) values 
    (1,  'фортепіано',          20, 1, 'гра на музичному інструменті'),
    (2,  'музична література',  35, 2, 'історія та література музики'),
    (3,  'сольфеджио',          25, 3, 'музична грамота'),
    (4,  'хор',                 36, 4, 'напівання'),
    (5,  'фортепіано',          30, 5, 'гра на музичному інструменті'),
    (6,  'музична література',  35, 6, 'історія та література музики'),
    (7,  'сольфеджио',          40, 7, 'музична грамота'),
    (8,  'хор',                 10, 4, 'напівання'),
    (9,  'фортепіано',          52, 8, 'гра на музичному інструменті'),
    (10, 'музична література',  25, 9, 'історія та література музики'),
    (11, 'сольфеджио',          4, 10, 'музична грамота'),
    (12, 'хор',                 5, 10, 'напівання');

INSERT INTO Homeworks (homework_id, description, date_to) VALUES
    (1,  'Practice scales in C major and G major',                              '2024-06-15'),
    (2,  'Complete the composition exercise on page 32 of the workbook',        '2024-06-18'),
    (3,  'Prepare the first movement of Beethoven’s Symphony No. 5',            '2024-06-20'),
    (4,  'Write a short essay on the life and works of Johann Sebastian Bach',  '2024-06-22'),
    (5,  'Learn and perform the assigned piece for the next recital',           '2024-06-25'),
    (6,  'Transcribe the melody from the provided audio clip',                  '2024-06-28'),
    (7,  'Memorize and perform the lyrics of the song assigned in class',       '2024-07-01'),
    (8,  'Analyze the structure of Mozart’s Symphony No. 40',                   '2024-07-03'),
    (9,  'Practice sight-reading exercises from the new workbook',              '2024-07-05'),
    (10, 'Prepare a presentation on the history of the piano',                  '2024-07-08');

INSERT INTO Schedules (schedule_id, group_id, date, number_lesson, lesson_id, homework_id) VALUES
    (1,  1, '2024-06-10', 1, 1,  1),
    (2,  1, '2024-06-10', 2, 2,  2),
    (3,  1, '2024-06-11', 1, 3,  3),
    (4,  1, '2024-06-11', 2, 4,  4),
    (5,  1, '2024-06-12', 1, 5,  5),
    (6,  1, '2024-06-12', 2, 6,  6),
    (7,  1, '2024-06-12', 3, 7,  7),
    (8,  1, '2024-06-13', 1, 8,  8),
    (9,  1, '2024-06-13', 2, 9,  9),
    (10, 1, '2024-06-14', 1, 10, 10),
    (11, 1, '2024-06-14', 2, 1,  1),
    (12, 1, '2024-06-14', 3, 2,  2),
    
    (13, 2, '2024-06-10', 1, 3,  3),
    (14, 2, '2024-06-10', 2, 4,  4),
    (15, 2, '2024-06-11', 1, 5,  5),
    (16, 2, '2024-06-11', 2, 6,  6),
    (17, 2, '2024-06-12', 1, 7,  7),
    (18, 2, '2024-06-12', 2, 8,  8),
    (19, 2, '2024-06-12', 3, 9,  9),
    (20, 2, '2024-06-13', 1, 10, 10),
    (21, 2, '2024-06-13', 2, 1,  1),
    (22, 2, '2024-06-14', 1, 2,  2),
    (23, 2, '2024-06-14', 2, 3,  3),
    (24, 2, '2024-06-14', 3, 4,  4),
    
    (25, 3, '2024-06-10', 1, 5,  5),
    (26, 3, '2024-06-10', 2, 6,  6),
    (27, 3, '2024-06-11', 1, 7,  7),
    (28, 3, '2024-06-11', 2, 8,  8),
    (29, 3, '2024-06-12', 1, 9,  9),
    (30, 3, '2024-06-12', 2, 10, 10),
    (31, 3, '2024-06-12', 3, 1,  1),
    (32, 3, '2024-06-13', 1, 2,  2),
    (33, 3, '2024-06-13', 2, 3,  3),
    (34, 3, '2024-06-14', 1, 4,  4),
    (35, 3, '2024-06-14', 2, 5,  5),
    (36, 3, '2024-06-14', 3, 6,  6),
    
    (37, 4, '2024-06-10', 1, 7,  7),
    (38, 4, '2024-06-10', 2, 8,  8),
    (39, 4, '2024-06-11', 1, 9,  9),
    (40, 4, '2024-06-11', 2, 10, 10),
    (41, 4, '2024-06-12', 1, 1,  1),
    (42, 4, '2024-06-12', 2, 2,  2),
    (43, 4, '2024-06-12', 3, 3,  3),
    (44, 4, '2024-06-13', 1, 4,  4),
    (45, 4, '2024-06-13', 2, 5,  5),
    (46, 4, '2024-06-14', 1, 6,  6),
    (47, 4, '2024-06-14', 2, 7,  7),
    (48, 4, '2024-06-14', 3, 8,  8),
    
    (49, 5, '2024-06-10', 1, 9,  9),
    (50, 5, '2024-06-10', 2, 10, 10),
    (51, 5, '2024-06-11', 1, 1,  1),
    (52, 5, '2024-06-11', 2, 2,  2),
    (53, 5, '2024-06-12', 1, 3,  3),
    (54, 5, '2024-06-12', 2, 4,  4),
    (55, 5, '2024-06-12', 3, 5,  5),
    (56, 5, '2024-06-13', 1, 6,  6),
    (57, 5, '2024-06-13', 2, 7,  7),
    (58, 5, '2024-06-14', 1, 8,  8),
    (59, 5, '2024-06-14', 2, 9,  9),
    (60, 5, '2024-06-14', 3, 10, 10);

INSERT INTO Grades (student_id, schedule_id, grade, comments) VALUES
    (1,  1, 10, 'Good understanding of the material'),
    (1,  2, 8,  'Needs improvement on some topics'),
    (1,  3, 9,  'Well done on the homework'),
    (2,  1, 7,  'Satisfactory performance'),
    (2,  2, 6,  'Struggles with the material'),
    (2,  3, 5,  'Missed a few assignments'),
    (3,  1, 11, 'Excellent performance'),
    (3,  2, 12, 'Outstanding work'),
    (3,  3, 10, 'Good effort'),
    (4,  1, 6,  'Can do better with more practice'),
    (4,  2, 7,  'Average performance'),
    (4,  3, 8,  'Improved compared to last time'),
    (5,  1, 9,  'Good grasp of the concepts'),
    (5,  2, 8,  'Solid effort'),
    (5,  3, 7,  'Needs to participate more in class'),
    (6,  1, 10, 'Great job'),
    (6,  2, 9,  'Well prepared'),
    (6,  3, 8,  'Consistent performance'),
    (7,  1, 11, 'Exceptional understanding'),
    (7,  2, 10, 'Very good'),
    (7,  3, 12, 'Top of the class'),
    (8,  1, 5,  'Needs more focus'),
    (8,  2, 6,  'Below average'),
    (8,  3, 7,  'Shows some improvement'),
    (9,  1, 8,  'Good participation'),
    (9,  2, 9,  'Well done'),
    (9,  3, 10, 'Great improvement'),
    (10, 1, 7,  'Satisfactory'),
    (10, 2, 6,  'Needs to pay more attention'),
    (10, 3, 5,  'Struggles with assignments');

-- no Solutions data

INSERT INTO Notifications (user_id, options, notifications) VALUES
    (1, 'students', 'Notification for students of user 1'),
    (2, 'parents',  'Notification for parents of user 2'),
    (3, 'all',      'Notification for all users of user 3'),
    (4, 'teachers', 'Notification for teachers of user 4'),
    (5, 'students', 'Notification for students of user 5'),
    (6, 'parents',  'Notification for parents of user 6'),
    (7, 'all',      'Notification for all users of user 7'),
    (8, 'teachers', 'Notification for teachers of user 8'),
    (9, 'students', 'Notification for students of user 9'),
    (10, 'parents', 'Notification for parents of user 10');

INSERT INTO Messages (sender_id, receiver_id, msg) VALUES
    (1, 2,  'Привіт, це повідомлення від користувача 1 користувачу 2.'),
    (2, 1,  'Привіт, це відповідь від користувача 2 користувачу 1.'),
    (3, 4,  'Привіт, користувач 3 надсилає повідомлення користувачу 4.'),
    (4, 3,  'Привіт, користувач 4 відповідає на повідомлення користувача 3.'),
    (5, 6,  'Привіт, користувач 5 звертається до користувача 6.'),
    (6, 5,  'Привіт, користувач 6 відповідає на повідомлення користувача 5.'),
    (7, 8,  'Привіт, користувач 7 надсилає повідомлення користувачу 8.'),
    (8, 7,  'Привіт, користувач 8 відповідає на повідомлення користувача 7.'),
    (9, 10, 'Привіт, користувач 9 звертається до користувача 10.'),
    (10, 9, 'Привіт, користувач 10 відповідає на повідомлення користувача 9.');
